{"root":[{"assemblyName":"Sirenix.Serialization","nameSpace":"Sirenix.Serialization","className":"UnitySerializationInitializer","methodName":"InitializeRuntime","loadTypes":1,"isUnityClass":false},{"assemblyName":"Sirenix.Serialization","nameSpace":"Sirenix.Serialization.Utilities","className":"UnityVersion","methodName":"EnsureLoaded","loadTypes":1,"isUnityClass":false},{"assemblyName":"Sirenix.Utilities","nameSpace":"Sirenix.Utilities","className":"UnityVersion","methodName":"EnsureLoaded","loadTypes":1,"isUnityClass":false},{"assemblyName":"Cinemachine","nameSpace":"Cinemachine","className":"CinemachineStoryboard","methodName":"InitializeModule","loadTypes":0,"isUnityClass":false},{"assemblyName":"Cinemachine","nameSpace":"Cinemachine","className":"CinemachineCore","methodName":"InitializeModule","loadTypes":0,"isUnityClass":false},{"assemblyName":"Cinemachine","nameSpace":"Cinemachine","className":"UpdateTracker","methodName":"InitializeModule","loadTypes":0,"isUnityClass":false},{"assemblyName":"Cinemachine","nameSpace":"Cinemachine","className":"CinemachineImpulseManager","methodName":"InitializeModule","loadTypes":0,"isUnityClass":false},{"assemblyName":"Cinemachine","nameSpace":"Cinemachine.PostFX","className":"CinemachineVolumeSettings","methodName":"InitializeModule","loadTypes":0,"isUnityClass":false},{"assemblyName":"CW.Common","nameSpace":"CW.Common","className":"CwInput","methodName":"Enable","loadTypes":0,"isUnityClass":false},{"assemblyName":"Mirror.Authenticators","nameSpace":"Mirror","className":"GeneratedNetworkCode","methodName":"InitReadWriters","loadTypes":1,"isUnityClass":false},{"assemblyName":"Mirror.Components","nameSpace":"Mirror","className":"GeneratedNetworkCode","methodName":"InitReadWriters","loadTypes":1,"isUnityClass":false},{"assemblyName":"Mirror","nameSpace":"Mirror","className":"NetworkClient","methodName":"Shutdown","loadTypes":1,"isUnityClass":false},{"assemblyName":"Mirror","nameSpace":"Mirror","className":"NetworkDiagnostics","methodName":"ResetStatics","loadTypes":0,"isUnityClass":false},{"assemblyName":"Mirror","nameSpace":"Mirror","className":"NetworkIdentity","methodName":"ResetStatics","loadTypes":1,"isUnityClass":false},{"assemblyName":"Mirror","nameSpace":"Mirror","className":"NetworkLoop","methodName":"ResetStatics","loadTypes":1,"isUnityClass":false},{"assemblyName":"Mirror","nameSpace":"Mirror","className":"NetworkLoop","methodName":"RuntimeInitializeOnLoad","loadTypes":1,"isUnityClass":false},{"assemblyName":"Mirror","nameSpace":"Mirror","className":"NetworkManager","methodName":"ResetStatics","loadTypes":1,"isUnityClass":false},{"assemblyName":"Mirror","nameSpace":"Mirror","className":"NetworkServer","methodName":"Shutdown","loadTypes":1,"isUnityClass":false},{"assemblyName":"Mirror","nameSpace":"Mirror","className":"NetworkTime","methodName":"ResetStatics","loadTypes":0,"isUnityClass":false},{"assemblyName":"Mirror","nameSpace":"Mirror","className":"GeneratedNetworkCode","methodName":"InitReadWriters","loadTypes":1,"isUnityClass":false},{"assemblyName":"Mirror.Examples","nameSpace":"Mirror.Examples.MultipleMatch","className":"CanvasController","methodName":"ResetStatics","loadTypes":1,"isUnityClass":false},{"assemblyName":"Mirror.Examples","nameSpace":"Mirror.Examples.Chat","className":"ChatAuthenticator","methodName":"ResetStatics","loadTypes":0,"isUnityClass":false},{"assemblyName":"Mirror.Examples","nameSpace":"Mirror","className":"GeneratedNetworkCode","methodName":"InitReadWriters","loadTypes":1,"isUnityClass":false},{"assemblyName":"SROptions","nameSpace":"","className":"SROptions","methodName":"OnStartup","loadTypes":0,"isUnityClass":false},{"assemblyName":"StompyRobot.SRDebugger","nameSpace":"SRDebugger","className":"AutoInitialize","methodName":"OnLoadBeforeScene","loadTypes":4,"isUnityClass":false},{"assemblyName":"StompyRobot.SRDebugger","nameSpace":"SRDebugger","className":"AutoInitialize","methodName":"OnLoad","loadTypes":0,"isUnityClass":false},{"assemblyName":"StompyRobot.SRF","nameSpace":"SRF","className":"Hierarchy","methodName":"RuntimeInitialize","loadTypes":4,"isUnityClass":false},{"assemblyName":"Unity.2D.Animation.Runtime","nameSpace":"","className":"$BurstDirectCallInitializer","methodName":"Initialize","loadTypes":2,"isUnityClass":true},{"assemblyName":"Unity.Collections","nameSpace":"","className":"$BurstDirectCallInitializer","methodName":"Initialize","loadTypes":2,"isUnityClass":true},{"assemblyName":"Unity.InputSystem","nameSpace":"UnityEngine.InputSystem","className":"InputSystem","methodName":"RunInitializeInPlayer","loadTypes":4,"isUnityClass":true},{"assemblyName":"Unity.InputSystem","nameSpace":"UnityEngine.InputSystem","className":"InputSystem","methodName":"RunInitialUpdate","loadTypes":1,"isUnityClass":true},{"assemblyName":"Unity.Netcode.Runtime","nameSpace":"Unity.Netcode","className":"NetworkUpdateLoop","methodName":"Initialize","loadTypes":4,"isUnityClass":true},{"assemblyName":"Unity.Netcode.Runtime","nameSpace":"Unity.Netcode","className":"NetworkVariableSerializationTypes","methodName":"InitializeIntegerSerialization","loadTypes":2,"isUnityClass":true},{"assemblyName":"Unity.RenderPipelines.Core.Runtime","nameSpace":"UnityEngine.Experimental.Rendering","className":"XRSystem","methodName":"XRSystemInit","loadTypes":3,"isUnityClass":true},{"assemblyName":"Unity.RenderPipelines.Core.Runtime","nameSpace":"UnityEngine.Rendering","className":"DebugUpdater","methodName":"RuntimeInit","loadTypes":0,"isUnityClass":true},{"assemblyName":"Unity.Services.Authentication","nameSpace":"Unity.Services.Authentication","className":"AuthenticationPackageInitializer","methodName":"Register","loadTypes":1,"isUnityClass":true},{"assemblyName":"Unity.Services.Core","nameSpace":"Unity.Services.Core","className":"UnityThreadUtils","methodName":"CaptureUnityThreadInfo","loadTypes":4,"isUnityClass":true},{"assemblyName":"Unity.Services.Core.Internal","nameSpace":"Unity.Services.Core.Internal","className":"TaskAsyncOperation","methodName":"SetScheduler","loadTypes":1,"isUnityClass":true},{"assemblyName":"Unity.Services.Core.Internal","nameSpace":"Unity.Services.Core.Internal","className":"UnityServicesInitializer","methodName":"CreateStaticInstance","loadTypes":2,"isUnityClass":true},{"assemblyName":"Unity.Services.Core.Internal","nameSpace":"Unity.Services.Core.Internal","className":"UnityServicesInitializer","methodName":"EnableServicesInitializationAsync","loadTypes":0,"isUnityClass":true},{"assemblyName":"Unity.Services.Core.Registration","nameSpace":"Unity.Services.Core.Registration","className":"CorePackageInitializer","methodName":"Register","loadTypes":1,"isUnityClass":true},{"assemblyName":"Unity.Services.Lobbies","nameSpace":"Unity.Services.Lobbies","className":"LobbyServiceProvider","methodName":"Register","loadTypes":1,"isUnityClass":true},{"assemblyName":"Unity.Services.Lobbies","nameSpace":"Unity.Services.Lobbies.Scheduler","className":"ThreadHelper","methodName":"Init","loadTypes":1,"isUnityClass":true},{"assemblyName":"Unity.Services.Lobbies","nameSpace":"Unity.Services.Lobbies.Http","className":"JsonHelpers","methodName":"RegisterTypesForAOT","loadTypes":3,"isUnityClass":true},{"assemblyName":"Unity.Services.QoS","nameSpace":"Unity.Services.Qos","className":"QosPackageInitializer","methodName":"Register","loadTypes":1,"isUnityClass":true},{"assemblyName":"Unity.Services.QoS","nameSpace":"Unity.Services.Qos.Scheduler","className":"EngineStateHelper","methodName":"Init","loadTypes":1,"isUnityClass":true},{"assemblyName":"Unity.Services.QoS","nameSpace":"Unity.Services.Qos.Scheduler","className":"ThreadHelper","methodName":"Init","loadTypes":1,"isUnityClass":true},{"assemblyName":"Unity.Services.QoS","nameSpace":"Unity.Services.Qos.Http","className":"JsonHelpers","methodName":"RegisterTypesForAOT","loadTypes":3,"isUnityClass":true},{"assemblyName":"Unity.Services.Relay","nameSpace":"Unity.Services.Relay","className":"RelayServiceProvider","methodName":"Register","loadTypes":1,"isUnityClass":true},{"assemblyName":"Unity.Services.Relay","nameSpace":"Unity.Services.Relay.Scheduler","className":"EngineStateHelper","methodName":"Init","loadTypes":1,"isUnityClass":true},{"assemblyName":"Unity.Services.Relay","nameSpace":"Unity.Services.Relay.Scheduler","className":"ThreadHelper","methodName":"Init","loadTypes":1,"isUnityClass":true},{"assemblyName":"Unity.Services.Relay","nameSpace":"Unity.Services.Relay.Http","className":"JsonHelpers","methodName":"RegisterTypesForAOT","loadTypes":3,"isUnityClass":true},{"assemblyName":"Unity.VisualScripting.Core","nameSpace":"Unity.VisualScripting","className":"RuntimeVSUsageUtility","methodName":"RuntimeInitializeOnLoadBeforeSceneLoad","loadTypes":1,"isUnityClass":true}]}
